num, hash
1, 343eec6884a5be860c0c4b73ae978009f6dd96f82882d56b1fd717da59f64f50
2, 7fa93ee0c96c70d06ef0321dc1a7f313224b5faf469f74cb23faa18ca49f15ee
3, f822a81a72c5fcd79028dd61f7c8aaf30ddb86b7557df502a498ff857dc19281
4, 4575c7015eb5fb7cb9053c850f52efda33da45847ff0441c29d207de834cb67d

5, 091a5c36fb5b98c42b364cd44238edd4feff3a8f08aa3548ca190a7665801fb8
6, 7a467be1abaa2112222a3325ea7733604edabd53c10c6e914dc936d0c6d6efab
7, 8e242644424762774966a18f587d4c7eafcafad258103615e3a66699596c3f56
8, 92b6338f6eddd7baa668e5f49bc7dc9e3ac9a040179da943240b029965736925

9, 5b53b6dd387f473ff7f83cf075c34aae54c6ef5de372aeeaa0146cc3482a9ee3
10, b420dc8d802428f176c849ee4037952b1b0f30733546f21f2bdc493f170b8b9f
11, 205b634a80b6ab3b161fce617fe06906ad0827f95ab3e8f60e22f9d19ac0b834
12, 7ccdf1ef1af9afac9e460f457eec362807201aa63a874eb17fc295084a565597

13, 81f5e317cfb5935fa663e811e7802a605d552ac5ea3ff03258ee565b88e28839
14, c6dd8584157d07a211d4e874a54b50737dfbf82dbb4a4c9a7ec0d03e1711d278
15, 7b9a4ae6e4a64a34c5a2db453d58121347b6d9042a97e4bc8d3f62c0dce199ce
16, 9e9277c235b73ab1058b363562ec6a58abf01c6b3bed87055c8781e815ff5e93

17, a04f95d18e87aba3435e560ba53d409f8383766017628e4cd7c1c64f924fbf2e
18, f7c1017a4738822e8f0ee60377ce4351d2c7adaca69cc60858e5c5a55d82373a
19, b35497fe06a8f5b9da7cfbedf9a13cfac5fab1cb8ca794d00ee2ef5443bca9c5
20, 398c43e2dd175b000f85ae68ebf31d027d0ceb42c7860fb9e292922bc6b9bda1

21, b8a9c61b810bcef59425af0b17ec0c7d376e49066c6591476df65000ea051546
22, 0d6144783dc449719ca08616ea8a8c50641773578f8e2cd8e06106e42039fa0d
23, f4e9e0bbfc0244d66c906c11d3c67cac8bf0a84d78eb430f47946e72842035c0
24, d4d95bfdb26b4a59a5d4dcfdfad90e0b9fa1cf9d28099c63d5aba42f991efe1a

25, 22c27bb55385f44249cd3c295b8cc485e95ca01400796721362ee4dd68ad2d4a
26, 364aa9c14335c711f6f6da3cbdad76cb7a88fbd76c0c7ed733dc40a62d55a674
27, 5623274fbf1866825e12b8151ac38b702216b34b7f23bee6abbc20daf633795b
28, 6ad70214906067d458c470c2bccf37aab380b9f66bd69d2d75d89b5b5feb4f27

29, 2c576e10848de5be6bf824300e487a67fff91bf7113390c9dc7e6810ea56546a
30, d0ac485afae4148e345f87d676f780c975e60bf058e4b1b7a599df7f57a3a38d
31, 715d1fc0ec949e642b3a3fcf48982e85c4b2e9c16c26269b9359376702e4406d
32, 76ec5d80fc40437a035c1da1ca64dbdb432f5a92187ef4aca06e81fc2cedc041

33, 6ac759efd0a9358949d67c6b457b7ded4f860115fb28f39f5648392adf797e95
34, 645586718c96e7ca27212ec159de8d3e5b3e704f688a980b3aa73f221675dc9b
35, 8ebb4924023ee6b7aa1bc715eb730951b881e4b76885c0bfabc67faa408be077
36, 2ccb5cc650a2977a15a28b1f5ec4391268a96d6c61873d603de9413c5e9bfd20

37, dd9335fbc35ecc92dd99a695c8ccb8ad6a6df5bc93f5e86741c6916af3036989
38, 26672fd1abfe02ad010ec181987ce2ae8819c0ab1a393ea96356e04e10072f44
39, f14f76c67691a25746aa4ae7464d7f0b650e8e5c3113baf8ce5e9f8e680e931d
40, 626e30d98fdd2c28da120f0c563fc95df77c32640a67f2eb1654d2b2ccf1a098

41, 0c58fc992c57272a04ea21905146994592a0fc778495a1c395a171fa957291a4
42, 2d529de07d2263d8564cf83eb13bb507af69d7f1169f168ed1481a84c66ce7a9
43, a752c70c022833f8ad64343a1ef97cea0ed36ce353e6731300c2492cbd4a3121
44, 3a46842ba613d6c3b32b44b57f61db470a731bcaf8ec774680e3df7dc5a6e201

45, 2396e06716ea19c9ce995e4103f8f6a21b9361b1e42b2307361f6f3f24ef58f5
46, a9b9d4b896cbf319844b78a03c40b93e2d641cde00e97451f0f3748d1fed512a
47, e84e4c26e1e45a7c68e9d9ad904e4e31b8708f894908eeac75d8118535d590aa
48, 57ac1d88ef0d96412c933be899bd7cb7a0e9c70be03ba709fe660a10b29e69ea

49, 3335d2259bfa7d85a5a9a5da5c11711b2d0a89864d7e054b4b77ffed097832c9
50, 2cfd743a896a8c9c4081dd45c798754a5be07ce178fa33b1924e73d727f79801 
51, 71bcce488be1f7c82fad1e7deba263b3322827c1647bc67d9c998821d09b596f
52, dd1da092b75324f902e69852d56f8d157e14287e9a9aa555e0473521db9dc53a
		
53, 34d03fdf17c9203b3da9512e5f56d375f243f588b65b779368e59591f50e24e0
54, 5a924735a950b0b3c28ef20384284b61de5bd21e404f6213648d557992460701
55, 94a170e6b11bad99ba68392e495350749d5778d5acefaaf0f10a307dd0df84a9
56, dd47b9d6ccb3d0f984d957597abf0e070683add958a066f8a249da878520b833

57, 66a2faf90a8e467c3962210ece3325e412e4b499adaf87d16ac01959316f98d7
58, 931c6bf217972b31fce4b0a0f51c18bc1a2851aadcc7eeb700860e2bfdf8b408
59, ba5693355937cfcd086a124344ceeb4d6e9fa5d86d854701ce8fdd867cc29cfa
60, b79da5d3242a715826977d02534ebda2694cec691fffd083815e8ab79da0c351

61, fce88c5b244b98b7e80736563298e8e3ccd264216b49178632058604701d907c
62, 0ea363f22430b1361202193e65f5521c7e59da1afb3ff0b470476ee4d6be1e03
63, c9cf64105b85227f1ecde7b9b224fa88e9e121e74e57c4a9b63dabea42b9349f
64, 8cdb2a34b5ad1f79e20ef4e6b6f6025ae12c7bcf45e8c287f493b1aa8f6fe3db

65, 4ef90c81dafa589182604d3dfb5d28081d4ecd299651d45e1ffbb1e0f20092ea
66, 41967634ae77b367add602b75e4283a302c45ab92d5d4d7930c6aecce5bb5e69
67, 19a544c6aa219240c920970ad15dbf726f65af075ffb2885ea4338b3010b71fb
68, cccf0f172866d9d2436e89f7e9109b6add1923e8b5153a792497e2f38e701f62

69, cf0ae90b17702552ccce7efb41f265687cd54e195c630288a8bff8663c0fc3b9
70, 460665e07172101977194f1763b0229b314aa7ac3db039e7a41c718045215de3
71, b2c6b73557ba346cda9002d8da1bda371f80c759ff67a2b5dd7931f5c2b57f44
72, e517e3990b16851d60e35d3f43232c9cbe22c0a908e2356c57f82bfeba251b14

73, 3e3c7b1a158e1ab8a1f6614b0a57883553a27d3576b802eacf0abcdcdf2e83d3
74, ba2cdb00e24c991960bb8e806cf4d358958aa942e13bddb54d5361cf12bb3c64
75, f45c07eb4a98b0ee9524ba1e17290a3ccd7b95d4a4f3bd429849d77612bf50f3
76, 45e7c555861396d0c8cb828ea2079019b6ed4df019704ea7ed400c81369c3d82


77, 3e8ac82edb9648d983470e465af36aff8929f953b1af0ac596ffaf2755c42fff
78, 868699ea590fdedd4835ee92090287a5b4296a211d275e0dbfc5d62c23246c3c
79, 7a1a04744e46214a96fe2e0a9532606d0592145cc80ebae9012983d9fb954d86
80, a78ea788085e1d6b69cdb425d3b084742685aa6daaa641c345bdbd3f450cd291

81, 67bba1bb6d14937a1ecbc5082065f183bec033f76189bf8e9d1edeb6e9dc3dd2
82, 02f1cbdd1c5f1dd8e0e0906ea7cdf432cc4e3d05391216b351e49a40cdcfc8b6
83, 2381a49646ca96d9af04b8e0a9ac08950bfe53a98bbe072902ed1c21ffd84b61
84, 84d33199546f3ccde76733385271f809ad5087c236cc935a0619872953cfd2ec

85, 27d3c39978045ef11d6a8ef1d7d24efb3e5262c08f03ec0bea6baa07b5ae4ed4
86, c46bdf4b8ca2661b9833e363ee8b85cf27dc8dfaf1b14ef635d82ffd4ba8dc6d
87, 9cbe086d9126666deb33549e2ad9673202ac069705da81755390957e85ed3ac8
88, d9524803bc414683d2f2baac9bd9962c2f05da3f7cb777a2afaf55bbc9db09af

89, 91bce5a66c02fe7dd6516fe970d9a5d3a0a9364da28932780bc980bf8cd01b05
90, 5ad4a3d37d4bbbe754ea2feab370adbf3a8d4853096b8d0d226a3cddf87486ae
91, a81c6bf2c9029309804bc95793ebb7bae7a9ac133ef42f29784695064cfc2537
92, 1c394069dd49eddec53f74bc7b308de72b093e1c3ab7f018f82bdaeff9fb9a91

93, 954a2f726cb7df752f02439593e2bfc9982c91216f12eeb6eacbf7c81a2cc171
94, f38395d7beb7f8ddc60ea50dd594e852c1757017a097cf470bb7c7a4f83a3d51
95, d95d0d80710812cc2887037e114a933bb7cb82de28644f13e733785cfe4bf9f1
96, 331311396d3bb0f634c10cd4ade404f0848c9465d6e7ae8590f58693a65347c7

97, 4005cbd7c123f84d3411de8ef7fbc209ba8d32ba6353bb34812e893e9393581e
98, 134c73b6ac202381ef54a1de19691f0edfca9277872198a992b95e7108b64b79
99, ec025207ca78ca9414f450d5dbdd74e0b5fa115f1944ae9c8b32399b6c456218
100, 0b500e094d90c759795d07dc17497083a622d110d8fca4af7d4f4e45fe96ec4d
		
101, f11c349c5c448446ba32bb331f323930be7012331a2b78435acf4ff284dc36a6
102, 6c67c1dd37bbcd8efcfd4d70e3acf65b42d0eee4c9f220c0851809d04ad99080
103, 0b9c8fe23982a1daaf518e6d1ec6fb9272a3f749fd0063563d40c0279240d698
104, 51a2e01342256154b768ece5b0bbe2f909de37a700b3c29a3a1c1dac78ad11b4

105, 5d9d5e1d311e06c0ee61562efc953bb37c4edeab30ab0fb490dc5c988fc255a2
106, d22c6bb0f00a849f8a50393c0f3c5fb7a49e9c26d0353a8ccacbaf007164e473
107, 3bcb4597f744b5c9dd3e11dcc600d620104af177af8cea99f650d73c3a4bda41
108, 35d4aa5f08eea21b321fad8cad67cd824714228afe2ae7d583168488e4e5b213

109, efe2d66dc478e3043f41c0a0bc01050a023639419a101623e6c7fde7073a0582
110, 19a6aabbbdd950a169e34619030703ddc39ce94d28cbd55225c1d79da38df134
111, 6cd881184fb7db300a552aee3cab96333ef97cae26a6491120c9ddea63e34acf
112, a1842dbacfc65b960a935e9e1d97f35b169e5408691eeddeab3bd6a233d17d15

113, 55da161b6119267880081d56540a9e1f8847bf4b9ebf037dda861856fd9181d3
114, 4adf5b9485aac558343cc199c4fab36a3b868d403decbae9af28625084b8ca55
115, cba9cc735a548bb7332a26e7ad9a9b011818c574b9f672e6cd7bc77e24d12e17
116, 320c8777db653ed3496c87806e8c72ffa75b4e415ce306e710326f5894fb3ce9

117, 57814518745f69ca4e882158182a377d9213acec39608f8ef90bcfb8e180d52a
118, 6e5895e3148c248942ada6d45441393fcf83697bd3ccb1c0c7998898c3b674c2 
119, 43728a9d0f4190b46b9bd4b62eba022efb4c0386265677aca5f3bc8de15e80af
120, c519015258238a274d78e49a43b89895c7e1bff6066aa533eec650de7071eb77

121, 59d5a5592a79094ce1bb50dcdb03ff58d0bb7c86271d7c4a92dab793a102367e
122, c242382341eb7185554ed66ac2d43d09a201a04a724205f0306aa408bb3f61ae
123, 3077492105d732e8791a0fad2bd5e87fe70b373d455d3d3c788f12889de82b15
124, 0d2cf8713824e9f087856982513ffa382688761061e8aca652e6a204ee4df034

125, ee5f521e20f3359cf0fc5bfd508393e92521125178ae5f44417e16935e1942b3
126, e82d3e69fd843ede2e47e5ee2c6d2ae1165699f746a7a4a8dccaa6ebdbfa938d
127, 24904eed65da763b3a23135ee78fdde767f58b0dff236ea493a8271ad183673b
128, 50496d3d3c2d58321bde165f623384a70b9956838f669776ca443ff200a0224e

129, 6d071c7c58e1a201057f0c561c91e023f0d713f15141f26aca617eec62b5029a
130, 717bf49710e44887c51285054b30c7444762a4135e195469310da1b38e671289
131, 4ac1afdcd285e6f58b365345617f1daa122540600d714c3017dc721359ae4947
132, 98e9b9fed44cbf3ae0f5377aada7c56d7f2edf1125163338c34e4061c57f72a1

133, 45fbb0b8cdb945bf7ea959617be82421a4475faecd091d810a453faf80c8a7c4
134, 69c882d22c57a5a9bce097da9c32d0c7bdd975167a5fc176998fee412e6ed72f
135, ac6e36b50b3faf3ba248fce1309348d7bd3b4e6b99d244e7d5d63c0a1da309d4
136, 5bd8f6cc35a4ce1fdecd763b95ce9cd7713d173a7676af729f8c8423e8af8868

137, 226a3fa029609e972524a951c39df3c6d0530a2bda1ab13b8d1cda64568dc5f9
138, 3d09feb98c3216070161828eba7bb70f8bb9703cd2b5e5923b07fd8186b144f2
139, 924fdb0b9e86dc70b9def25c169d741efddf10ab0bc7d60624a927eb51f822da
140, 9dc218898b351261ceff97cb0e36456593de2274fb6768028efbde93866be046

141, 1f1b6d748dab648e8b29ee55493a789781177688a54e7fb91107eefa9cc0d0f8
142, 1c5ebc91b12f5691ed07b6d6f67459e7b703e6b30d9bbcf71431810b2bfec845
143, e5af2efbbf7affbaf82dcf8df4e3d43785ac0e9fb1a65ce00dce29c7430c8dd7
144, 173913ede2448f2207e622f8a35f8f541b6c27119121783e734da4c063b8e4ad 

145, abc3aa99ebd9b16b80665f6c5313a4999af6235e9ce9aa200f9f04dd88982dab
146, 66a334562700dc9d6254e59665c789e83f20fa287ff597c57f32d3a7015f643b
147, 7ac0a555ce548c31d5cc214571fa346ec572176c0f35adbc04ec01babe52132b
148, 41a77abdeae79efc07e3128fee6ee11d2fd946a720a062513e18bc6a1584a618

		
149, 9b260032312106d0ae57cd366bb8dec75fe1ab09ba211b696642b9e7a2b1d97a
150, 2a9b3b8997456c84dca62c3e4bc3e414b95a60978709dd3a185cbdc78023f000
151, d5e909f0bc0b663cfdda96be49b40d9fd634af9649d3a56271c214ee329d1566
152, 6f02c39ee2d4153abaa838d8a8eec8fecb0668a20d019f81e7124effa7a6c252

153, f2e4ff4b89a6975cb9883763af0f235763aa2645bd98bedfa9e9b9ea6300c4b7
154, 95cfe63ab7d428dfa013bbade475f2bdc129d854600123a549e9bf6ae0f7a9e8
155, 9a02c827f38d24bbeaae9946edb81a649af0d1ee630d8dd5d3215b18509ca37b
156, 1fd7e6045e85b181e62cfb72482c193f28f777a7f1a746d1966db06b1c8b1a48
	
157, 91574a16a9355e9117d61b7a116da72c2895e422d692ef39d3e4628e7350a344
158, 09af0a09fb0e4c99c71b1346c60aaefef05081c74e00b40a79162dac3b664959
159, 8ddecc71e67c1dab1831f4c0decc6cdd9ffd1ec813317def95cb647ce99e872c
160, f15223d57a1869da91f0c9e98cd7e67bbdeeadca213b2b11ac2cfa1845c79a7e

161, 8bab83c8e596363952ad161afb7b35e77923317fa9ffcce2e5dbf7bf1c550319
162, 6182f132479914419bf7195721ba604d72b7aad37e67fd805b6a066b6bc2904d
163, bc57adabf4a31780caed9185d1b87a45b5130ff9aa19511df14e6d5c94980efe
164, 758fcc97191ca401cdd4c7bcba1ad04b75f2c5c1dac5c448d63e120eb402611d

165, bf8e46f6c13f667ac9787288506e67e5f47b371d936bbed4eed787ce4ae72b0c
166, 8693d704b42bb538bf47e91cf438c5c012870ce2d2257c9e7cdc17bfed6771b6
167, 2d797707e33431918a88060c4dce96f0a226812ceb8ee3541b56d264a09d87ae
168, 6f86ec28657fa0a9e11d360f458f9b3a03c99f7029c65f067afd93f54623215e

169, e8c088c6d212bdbcfcd47a92f7b67014c78b351f3bb29182bb4972ebed8b0b6e
170, ebec480ef6cd87e5ccfe01c9a86a6d196133672b76a4ddf4721219149a160fa2	
171, 94fc5cb3d543723bde1c387a96a97ae42617cf6881f2832f2b56388ca8121854
172, d2b7021d93ad49150f5effd49fd6e4cac1907092b0a1d9d95f70ef28a7934954

173, 54aab528257622031fb74825128df60ee5430e63e18ef1fe6d405abc9583ef22
174, 193665f1df9a512a312ab14a22dbbb25587f2a56097b663d08a6dda4fecf0783
175, ae8d2b160e62f13691540102fb219d6b7df242c16ce5bee3df15410dce7dfea2
176, 7e8a6c643be0af91ffd30194199eb565e3a9e2f94ee0df93e31ac8b5e876c45b

177, adc362f628cd89b0aec0112d91359a8dec3f5ce7de87d387fc9308552ef871b6
178, fdbc67e47f5279dc768c4f0d1f19526e29763adcfaa496960ee9fa02ce92b8b8
179, 6c8fa369e3e0cfeebe13bed40fe4daa68389766209c407c35e2865ef8f8052cd
180, 6cb8143f73457355110b2c4a919e1aa27b1b998804ef0a75f5f3d8c3eed9a70a

181, 20a77bc7cf7c14f48a9bdc6db15f88d70b93d8d632803dd2e034e0624baf1cbe
182, 17b5ad30ec2f5d05fbe90844e73701c6dc498cfb08b98f5fbad8092ecad57632
183, 384ddfa001665e0901dee1c8914ece31e0cab49553c6497225d5f51a10356c35
184, 75c16bf4d055d16ced7fbde44a7aa0becf8edbcee35f8fd487495d681b30fc7c

185, dd1bf486727bf621d92ed9532bf8fc352dd281a0809abfe4030caaf1a627b549
186, 3067fa383c71024fc04614b1524d7f13b408839d8f2b18da47db31437b52edaf
187, 6559f573affacce09980893070779ccfca02adeb993fecee48077fb3b3aaba5f
188, 761842422ab39a935e75b6fc05a7e493d8eaaeaabd46edacda612fdea876e3d9
	
189, 88b397f15f19c102727feceae78b3f38e8e6020e5e6f1a4d09ac51855c8f4ce7
190, 6ff8398d3a08eb32c8055dfbafb5892e46b8b10e22f4b0ac0f1cc917ca452858
191, d2bcb77f3699b0ed577a3bdc2807bd3520e2aefe24941bc9eaf33775614b7f82
192, 4b7895cd4b52a7e1c7450e5ebc9bafab463df80ee72bf316dbd4953a3987f63d

193, 42597b50ccd93a7e72b8140ead06e8848e6404b1ca7173f229c49a4c4d32df2a
194, 25ecf2b638a8dd9237f5389ceade0d2804e5e0504d0c8e17ca59ebf45259099f
195, 27f8a3913d3e1e9b7210a0bfd04fa6dd7d86ab8abd1be75c9ddb22e21a591bd9
196, 5cf2abd9fe6f1878ee29f317d54e2ca2e5a46ad0417edf8c7e19a5edf0bcc818

197, 759bec984fc04e4b045701b3efe922959932323b925ab4c92af09758f616830a
198, c588bf282a7b242ae58723d87d48dd72d0d3846078f4b60779a30f052b6c2335
199, c6ad4caefc07bba573542bae792950256b17311d55e573f40842bb824154550c
200, a0e3c7bf546e8edefbd1674341ea93ef3c76460c9d7821d606bb228806fb67dd

201, 7bad6b00873d673a48a137a8baaab1131f342a5ebf446c17660fc85da2cf4f6f
202, 6361430a01b6f827518618acb1ab53257fd8decfb9cfa8d9170045a1ece954ec
203, e714968924b347054534c5186952c0f976808a875a5f2614943e4f1d52abed9d
204, 75fccb856b6c44f5611c083bd7a66252ebaa97127b76f9ea89c9a10a6535bf29

205, ffa15b4c691d92b3c21128e7dd73c7311bcd06182c60553abb4a90b6b3c0a537
206, 7fdcf91b6a1940489ac69aa94d381ff37e896908898d2b1c00aa0774b6a78bef
207, 1d7cd9ae89616754a8429de7e28d1d7bffea85b8ccc414a90799685e8e9241df
208, 0f0fda8c178daea2a2a4a2a8daafc79812a277f5955720e9c78891d67e07a255

209, 4843cf582cd8d354bee438268aa67f25d3974e63ccf042bf23bc32df6049120e
210, a2c3d36478198914f8e36903bb5a4de7c65e66510a651cfbb0399b7417ac6cb5